# wavenumber,reflectivity
6.002353000000000520e+02,3.072587713000000065e+01
6.007173999999999978e+02,3.081924117000000152e+01
6.011994999999999436e+02,3.090702514999999906e+01
6.016816000000000031e+02,3.099922417000000152e+01
6.021638000000000375e+02,3.110461457999999979e+01
6.026458999999999833e+02,3.118492393000000007e+01
6.031280000000000427e+02,3.127429784999999995e+01
6.036100999999999885e+02,3.135373326999999932e+01
6.040922000000000480e+02,3.144241844000000086e+01
6.045742999999999938e+02,3.155230523999999903e+01
6.050565000000000282e+02,3.162567136999999917e+01
6.055385999999999740e+02,3.173730593999999883e+01
6.060207000000000335e+02,3.186116339000000153e+01
6.065027999999999793e+02,3.197854943999999833e+01
6.069849000000000387e+02,3.210523935999999878e+01
6.074669999999999845e+02,3.222054374999999737e+01
6.079492000000000189e+02,3.236227264000000048e+01
6.084312999999999647e+02,3.247801747999999833e+01
6.089134000000000242e+02,3.260246312999999674e+01
6.093954999999999700e+02,3.270890041999999909e+01
6.098776000000000295e+02,3.281654205000000246e+01
6.103596999999999753e+02,3.291040448999999768e+01
6.108419000000000096e+02,3.298518038999999646e+01
6.113239999999999554e+02,3.309187434999999766e+01
6.118061000000000149e+02,3.312929576999999881e+01
6.122881999999999607e+02,3.318534770000000123e+01
6.127703000000000202e+02,3.326071795000000009e+01
6.132523999999999660e+02,3.333487719000000027e+01
6.137346000000000004e+02,3.338777143000000081e+01
6.142166999999999462e+02,3.348396705999999767e+01
6.146988000000000056e+02,3.351555399000000079e+01
6.151808999999999514e+02,3.361203840999999670e+01
6.156630000000000109e+02,3.367781503999999870e+01
6.161450999999999567e+02,3.376165421999999694e+01
6.166272999999999911e+02,3.387918264999999707e+01
6.171094000000000506e+02,3.395566294000000340e+01
6.175914999999999964e+02,3.405858213999999862e+01
6.180736000000000558e+02,3.419172800999999851e+01
6.185557000000000016e+02,3.428792935999999969e+01
6.190377999999999474e+02,3.439308499999999924e+01
6.195199999999999818e+02,3.449538792999999970e+01
6.200021000000000413e+02,3.457633660999999847e+01
6.204841999999999871e+02,3.469842750000000109e+01
6.209663000000000466e+02,3.474852273999999852e+01
6.214483999999999924e+02,3.483485253999999998e+01
6.219305000000000518e+02,3.492383559999999676e+01
6.224126999999999725e+02,3.494388012000000288e+01
6.228948000000000320e+02,3.502533283000000353e+01
6.233768999999999778e+02,3.507287802999999826e+01
6.238590000000000373e+02,3.511227155000000266e+01
6.243410999999999831e+02,3.515785876000000343e+01
6.248232000000000426e+02,3.519475633999999786e+01
6.253053999999999633e+02,3.521857637000000096e+01
6.257875000000000227e+02,3.526524853000000093e+01
6.262695999999999685e+02,3.530532596999999839e+01
6.267517000000000280e+02,3.535033700000000323e+01
6.272337999999999738e+02,3.539272032000000223e+01
6.277159000000000333e+02,3.542151239999999746e+01
6.281980999999999540e+02,3.545598946999999868e+01
6.286802000000000135e+02,3.551406867000000034e+01
6.291622999999999593e+02,3.553945284000000271e+01
6.296444000000000187e+02,3.556087115999999781e+01
6.301264999999999645e+02,3.560394388999999649e+01
6.306086000000000240e+02,3.559869343999999813e+01
6.310907999999999447e+02,3.564252032000000270e+01
6.315729000000000042e+02,3.563821749000000239e+01
6.320549999999999500e+02,3.567241522999999859e+01
6.325371000000000095e+02,3.569360120000000336e+01
6.330191999999999553e+02,3.573811981000000060e+01
6.335013000000000147e+02,3.578105088000000222e+01
6.339835000000000491e+02,3.580020207999999826e+01
6.344655999999999949e+02,3.583626272000000057e+01
6.349477000000000544e+02,3.584579374999999857e+01
6.354298000000000002e+02,3.585735610999999778e+01
6.359118999999999460e+02,3.586943919000000136e+01
6.363940000000000055e+02,3.588099185000000091e+01
6.368762000000000398e+02,3.586694798999999989e+01
6.373582999999999856e+02,3.585251166999999839e+01
6.378404000000000451e+02,3.582560834000000227e+01
6.383224999999999909e+02,3.581465558000000016e+01
6.388046000000000504e+02,3.576843906999999945e+01
6.392866999999999962e+02,3.571289174999999716e+01
6.397689000000000306e+02,3.570313800000000271e+01
6.402509999999999764e+02,3.565875888000000060e+01
6.407331000000000358e+02,3.564951488999999896e+01
6.412151999999999816e+02,3.560355493000000138e+01
6.416973000000000411e+02,3.559452069999999679e+01
6.421793999999999869e+02,3.556795522000000176e+01
6.426616000000000213e+02,3.556231508999999846e+01
6.431436999999999671e+02,3.554172213999999741e+01
6.436258000000000266e+02,3.553247964999999908e+01
6.441078999999999724e+02,3.550711976000000192e+01
6.445900000000000318e+02,3.548678772000000237e+01
6.450720999999999776e+02,3.546370599000000112e+01
6.455543000000000120e+02,3.543260774000000168e+01
6.460363999999999578e+02,3.541460086000000018e+01
6.465185000000000173e+02,3.538414949999999948e+01
6.470005999999999631e+02,3.534866431999999747e+01
6.474827000000000226e+02,3.530009109000000223e+01
6.479647999999999683e+02,3.521815232000000151e+01
6.484470000000000027e+02,3.522917254000000042e+01
6.489290999999999485e+02,3.516043434000000190e+01
6.494112000000000080e+02,3.511797218000000242e+01
6.498932999999999538e+02,3.505521118000000058e+01
6.503754000000000133e+02,3.499677150000000125e+01
6.508574999999999591e+02,3.494225976999999972e+01
6.513396999999999935e+02,3.486102200999999923e+01
6.518218000000000529e+02,3.481522168000000050e+01
6.523038999999999987e+02,3.475528854000000223e+01
6.527859999999999445e+02,3.471612764000000340e+01
6.532681000000000040e+02,3.466681865000000329e+01
6.537501999999999498e+02,3.460394316000000003e+01
6.542323999999999842e+02,3.454580396000000064e+01
6.547145000000000437e+02,3.450802806000000089e+01
6.551965999999999894e+02,3.446608693000000301e+01
6.556787000000000489e+02,3.441889760000000109e+01
6.561607999999999947e+02,3.436425243000000052e+01
6.566429000000000542e+02,3.434737710999999649e+01
6.571250000000000000e+02,3.428624229999999784e+01
6.576072000000000344e+02,3.423628293000000156e+01
6.580892000000000053e+02,3.420891489000000263e+01
6.585714000000000397e+02,3.416987406999999877e+01
6.590534999999999854e+02,3.414820768999999956e+01
6.595356000000000449e+02,3.412945859999999954e+01
6.600176999999999907e+02,3.410250732000000085e+01
6.604999000000000251e+02,3.409834816000000046e+01
6.609818999999999960e+02,3.407880280999999911e+01
6.614641000000000304e+02,3.409227711999999855e+01
6.619461999999999762e+02,3.408342901999999697e+01
6.624283000000000357e+02,3.408083391000000262e+01
6.629103999999999814e+02,3.408532008000000246e+01
6.633926000000000158e+02,3.408914177999999850e+01
6.638745999999999867e+02,3.411155207000000189e+01
6.643568000000000211e+02,3.409911400000000015e+01
6.648388999999999669e+02,3.412151805999999965e+01
6.653210000000000264e+02,3.413986838000000290e+01
6.658030999999999722e+02,3.417153970999999757e+01
6.662853000000000065e+02,3.420074670999999711e+01
6.667672999999999774e+02,3.427291899000000086e+01
6.672495000000000118e+02,3.434700473000000187e+01
6.677315999999999576e+02,3.440199348000000157e+01
6.682137000000000171e+02,3.449765905000000288e+01
6.686957999999999629e+02,3.455277135000000044e+01
6.691779999999999973e+02,3.463585873000000248e+01
6.696599999999999682e+02,3.468778873000000118e+01
6.701422000000000025e+02,3.472299514000000187e+01
6.706242999999999483e+02,3.478764722999999748e+01
6.711064000000000078e+02,3.482748531000000014e+01
6.715884999999999536e+02,3.484045644999999780e+01
6.720706999999999880e+02,3.487511264999999838e+01
6.725526999999999589e+02,3.495398570999999777e+01
6.730348999999999933e+02,3.501371900000000181e+01
6.735170000000000528e+02,3.509866149999999863e+01
6.739990999999999985e+02,3.517778003000000098e+01
6.744811999999999443e+02,3.526213185999999666e+01
6.749633999999999787e+02,3.537989953000000298e+01
6.754453999999999496e+02,3.546995365000000078e+01
6.759275999999999840e+02,3.554947184000000249e+01
6.764097000000000435e+02,3.566812430000000234e+01
6.768917999999999893e+02,3.578592916000000201e+01
6.773739000000000487e+02,3.589152685999999903e+01
6.778560999999999694e+02,3.599754556999999977e+01
6.783381000000000540e+02,3.612439499999999981e+01
6.788202999999999747e+02,3.622800327000000209e+01
6.793024000000000342e+02,3.634075331999999747e+01
6.797844999999999800e+02,3.646054792999999705e+01
6.802666000000000395e+02,3.658725319999999925e+01
6.807487999999999602e+02,3.670635399999999748e+01
6.812308000000000447e+02,3.682767677999999734e+01
6.817129999999999654e+02,3.696416444999999840e+01
6.821951000000000249e+02,3.708588842000000341e+01
6.826771999999999707e+02,3.720760385999999897e+01
6.831593000000000302e+02,3.734747970000000095e+01
6.836414999999999509e+02,3.746285886999999803e+01
6.841235000000000355e+02,3.761136295000000018e+01
6.846056999999999562e+02,3.769380960000000158e+01
6.850878000000000156e+02,3.782392722000000163e+01
6.855698999999999614e+02,3.790889921000000129e+01
6.860520000000000209e+02,3.801720540000000170e+01
6.865342000000000553e+02,3.812069969000000214e+01
6.870162000000000262e+02,3.820500897000000151e+01
6.874983999999999469e+02,3.830358582000000212e+01
6.879805000000000064e+02,3.837391362999999700e+01
6.884625999999999522e+02,3.848593277999999884e+01
6.889447000000000116e+02,3.858193849999999969e+01
6.894269000000000460e+02,3.866528713000000295e+01
6.899089000000000169e+02,3.877718068000000073e+01
6.903911000000000513e+02,3.888318049000000087e+01
6.908731999999999971e+02,3.898482000999999997e+01
6.913553000000000566e+02,3.908408603000000170e+01
6.918374000000000024e+02,3.918845152000000098e+01
6.923196000000000367e+02,3.929181936999999891e+01
6.928016000000000076e+02,3.937224582000000339e+01
6.932838000000000420e+02,3.948697748000000018e+01
6.937658999999999878e+02,3.958323603000000190e+01
6.942480000000000473e+02,3.965160290000000032e+01
6.947300999999999931e+02,3.969577375000000075e+01
6.952123000000000275e+02,3.975612837999999982e+01
6.956942999999999984e+02,3.980933106999999893e+01
6.961765000000000327e+02,3.984757340000000170e+01
6.966585999999999785e+02,3.991169602000000083e+01
6.971407000000000380e+02,3.994415879999999675e+01
6.976227999999999838e+02,3.996080551000000014e+01
6.981050000000000182e+02,4.000045181000000127e+01
6.985869999999999891e+02,4.002509690000000120e+01
6.990692000000000235e+02,4.003801358999999849e+01
6.995512999999999693e+02,4.008230200999999937e+01
7.000334000000000287e+02,4.009472971000000285e+01
7.005154999999999745e+02,4.009705003999999917e+01
7.009977000000000089e+02,4.013135692000000176e+01
7.014796999999999798e+02,4.014753965999999963e+01
7.019619000000000142e+02,4.014029759999999669e+01
7.024439999999999600e+02,4.015138842000000352e+01
7.029261000000000195e+02,4.016405849000000217e+01
7.034081999999999653e+02,4.014739524000000159e+01
7.038903999999999996e+02,4.017062229999999801e+01
7.043723999999999705e+02,4.015554874000000041e+01
7.048546000000000049e+02,4.016057803999999720e+01
7.053366999999999507e+02,4.012479014000000177e+01
7.058188000000000102e+02,4.011096440000000030e+01
7.063008999999999560e+02,4.008060293999999857e+01
7.067830999999999904e+02,4.007437514000000078e+01
7.072650999999999613e+02,4.009432836999999950e+01
7.077472999999999956e+02,4.006955788999999868e+01
7.082294000000000551e+02,4.006031895999999648e+01
7.087115000000000009e+02,4.006255241000000211e+01
7.091935999999999467e+02,4.005529640000000313e+01
7.096757999999999811e+02,4.005267093999999872e+01
7.101577999999999520e+02,4.005806171999999776e+01
7.106399999999999864e+02,4.008588172000000327e+01
7.111221000000000458e+02,4.006924151999999850e+01
7.116041999999999916e+02,4.009081893999999835e+01
7.120863000000000511e+02,4.008613482999999889e+01
7.125684999999999718e+02,4.010342080000000209e+01
7.130505000000000564e+02,4.014236585999999818e+01
7.135326999999999771e+02,4.015676151000000260e+01
7.140148000000000366e+02,4.021273014999999873e+01
7.144968999999999824e+02,4.025631786999999662e+01
7.149790000000000418e+02,4.031513239000000226e+01
7.154611999999999625e+02,4.036366800999999782e+01
7.159432000000000471e+02,4.042593748000000176e+01
7.164253999999999678e+02,4.051462264999999974e+01
7.169075000000000273e+02,4.058198515000000128e+01
7.173895999999999731e+02,4.067351859000000047e+01
7.178717000000000326e+02,4.079144218999999794e+01
7.183538999999999533e+02,4.088334086999999784e+01
7.188359000000000378e+02,4.100812935999999809e+01
7.193180999999999585e+02,4.113063928999999774e+01
7.198002000000000180e+02,4.126437202000000326e+01
7.202822999999999638e+02,4.140778459999999939e+01
7.207644000000000233e+02,4.155177856000000247e+01
7.212465999999999440e+02,4.169513598000000343e+01
7.217286000000000286e+02,4.188343343999999746e+01
7.222107999999999493e+02,4.205796734999999842e+01
7.226929000000000087e+02,4.221164679999999692e+01
7.231749999999999545e+02,4.236848745999999721e+01
7.236571000000000140e+02,4.254440699999999964e+01
7.241393000000000484e+02,4.272946112999999713e+01
7.246213000000000193e+02,4.286376877000000007e+01
7.251035000000000537e+02,4.302025720999999692e+01
7.255855999999999995e+02,4.316575284000000323e+01
7.260676999999999452e+02,4.332572773999999782e+01
7.265498000000000047e+02,4.347166354000000155e+01
7.270320000000000391e+02,4.362836304999999726e+01
7.275140000000000100e+02,4.374492654000000158e+01
7.279962000000000444e+02,4.388524032000000119e+01
7.284782999999999902e+02,4.400621608000000151e+01
7.289604000000000497e+02,4.412199803000000031e+01
7.294424999999999955e+02,4.424715376000000333e+01
7.299247000000000298e+02,4.435335006999999763e+01
7.304067000000000007e+02,4.447979631999999839e+01
7.308889000000000351e+02,4.453369638000000208e+01
7.313709999999999809e+02,4.462906086000000272e+01
7.318531000000000404e+02,4.468546176000000258e+01
7.323351999999999862e+02,4.477382038999999736e+01
7.328174000000000206e+02,4.483419220999999766e+01
7.332993999999999915e+02,4.488317957999999663e+01
7.337816000000000258e+02,4.491359850999999992e+01
7.342636999999999716e+02,4.499075609999999870e+01
7.347458000000000311e+02,4.500694493999999679e+01
7.352278999999999769e+02,4.506343910999999736e+01
7.357101000000000113e+02,4.510380887000000172e+01
7.361920999999999822e+02,4.513798183000000108e+01
7.366743000000000166e+02,4.516365511000000055e+01
7.371563999999999623e+02,4.520797981999999848e+01
7.376385000000000218e+02,4.523740262999999828e+01
7.381205999999999676e+02,4.526729354999999799e+01
7.386028000000000020e+02,4.531433598999999646e+01
7.390847999999999729e+02,4.535314402000000200e+01
7.395670000000000073e+02,4.539389092999999775e+01
7.400490999999999531e+02,4.543935958000000142e+01
7.405312000000000126e+02,4.552868382999999852e+01
7.410132999999999583e+02,4.560011079000000223e+01
7.414954999999999927e+02,4.567936764000000238e+01
7.419774999999999636e+02,4.578454983999999683e+01
7.424596999999999980e+02,4.589772949000000324e+01
7.429417999999999438e+02,4.603169652999999784e+01
7.434239999999999782e+02,4.616651822000000038e+01
7.439059999999999491e+02,4.633512008999999665e+01
7.443881999999999834e+02,4.648236699000000272e+01
7.448701999999999543e+02,4.664070643000000160e+01
7.453523999999999887e+02,4.681384563000000298e+01
7.458345000000000482e+02,4.698652859999999976e+01
7.463166999999999689e+02,4.717056546999999966e+01
7.467987000000000535e+02,4.736130365999999725e+01
7.472808999999999742e+02,4.755113836000000305e+01
7.477628999999999451e+02,4.770553865000000116e+01
7.482450999999999794e+02,4.789704419000000257e+01
7.487272000000000389e+02,4.808905442999999735e+01
7.492093999999999596e+02,4.821881010999999972e+01
7.496914000000000442e+02,4.839552001999999931e+01
7.501735999999999649e+02,4.856115387999999911e+01
7.506556000000000495e+02,4.869040851999999830e+01
7.511377999999999702e+02,4.884655731000000145e+01
7.516199000000000296e+02,4.897464761999999894e+01
7.521020999999999503e+02,4.910651190000000099e+01
7.525841000000000349e+02,4.920368691000000183e+01
7.530662999999999556e+02,4.932192653999999976e+01
7.535483000000000402e+02,4.945519694000000044e+01
7.540304999999999609e+02,4.955265484000000242e+01
7.545126000000000204e+02,4.965590268999999779e+01
7.549948000000000548e+02,4.978057539000000276e+01
7.554768000000000256e+02,4.987079846999999688e+01
7.559589999999999463e+02,5.000217631000000296e+01
7.564410000000000309e+02,5.010879678999999953e+01
7.569231999999999516e+02,5.022932823000000013e+01
7.574053000000000111e+02,5.039122248999999698e+01
7.578875000000000455e+02,5.054210580000000164e+01
7.583695000000000164e+02,5.068802355999999776e+01
7.588517000000000507e+02,5.088979324999999676e+01
7.593337000000000216e+02,5.108702659000000068e+01
7.598159000000000560e+02,5.126818912000000239e+01
7.602980000000000018e+02,5.148767775999999685e+01
7.607802000000000362e+02,5.170225029000000205e+01
7.612622000000000071e+02,5.192538090000000039e+01
7.617444000000000415e+02,5.215173183000000279e+01
7.622264000000000124e+02,5.237381902999999994e+01
7.627086000000000467e+02,5.258045083999999747e+01
7.631906999999999925e+02,5.279221589000000137e+01
7.636729000000000269e+02,5.298027932000000106e+01
7.641548999999999978e+02,5.317125934999999970e+01
7.646371000000000322e+02,5.335499177999999887e+01
7.651191000000000031e+02,5.351685896000000042e+01
7.656013000000000375e+02,5.366923812999999654e+01
7.660833999999999833e+02,5.384114419000000140e+01
7.665656000000000176e+02,5.401206926999999780e+01
7.670475999999999885e+02,5.415465217999999936e+01
7.675298000000000229e+02,5.432720227000000079e+01
7.680117999999999938e+02,5.451995845999999801e+01
7.684940000000000282e+02,5.472617181999999758e+01
7.689760999999999740e+02,5.492967828999999824e+01
7.694583000000000084e+02,5.513571844999999882e+01
7.699402999999999793e+02,5.540821159000000051e+01
7.704225000000000136e+02,5.563058398999999810e+01
7.709044999999999845e+02,5.588996482999999671e+01
7.713867000000000189e+02,5.617615677999999946e+01
7.718687999999999647e+02,5.643778455999999721e+01
7.723509999999999991e+02,5.670248906999999861e+01
7.728329999999999700e+02,5.698080376000000058e+01
7.733152000000000044e+02,5.724445121000000114e+01
7.737971999999999753e+02,5.751752568999999937e+01
7.742794000000000096e+02,5.780531776000000121e+01
7.747614999999999554e+02,5.805445679000000325e+01
7.752436999999999898e+02,5.834520510000000115e+01
7.757256999999999607e+02,5.864899857000000338e+01
7.762078999999999951e+02,5.893918568000000135e+01
7.766898999999999660e+02,5.925007259000000204e+01
7.771721000000000004e+02,5.955415275000000008e+01
7.776541999999999462e+02,5.987980989999999792e+01
7.781363999999999805e+02,6.018814700000000073e+01
7.786183999999999514e+02,6.051516776999999792e+01
7.791005999999999858e+02,6.083941048999999879e+01
7.795825999999999567e+02,6.119813162999999889e+01
7.800647999999999911e+02,6.153575613000000288e+01
7.805469000000000506e+02,6.188220487000000247e+01
7.810290999999999713e+02,6.225256187000000097e+01
7.815111000000000558e+02,6.260301408000000123e+01
7.819932999999999765e+02,6.297920977999999792e+01
7.824752999999999474e+02,6.337874847999999872e+01
7.829574999999999818e+02,6.377477700000000027e+01
7.834396000000000413e+02,6.417708090000000709e+01
7.839217999999999620e+02,6.458962624000000119e+01
7.844038000000000466e+02,6.504645374000000402e+01
7.848859999999999673e+02,6.548363870000000020e+01
7.853680000000000518e+02,6.594319396999999583e+01
7.858501999999999725e+02,6.641313126999999383e+01
7.863323000000000320e+02,6.689606960999999785e+01
7.868144999999999527e+02,6.741782431999999403e+01
7.872965000000000373e+02,6.794552167999999881e+01
7.877786999999999580e+02,6.846720451999999568e+01
7.882607000000000426e+02,6.904291698000000110e+01
7.887428999999999633e+02,6.965089946000000509e+01
7.892250000000000227e+02,7.026588479999999493e+01
7.897071999999999434e+02,7.091333115999999848e+01
7.901892000000000280e+02,7.158848736000000201e+01
7.906713999999999487e+02,7.230174230000000080e+01
7.911534000000000333e+02,7.305487784999999690e+01
7.916355999999999540e+02,7.383961879000000295e+01
7.921177000000000135e+02,7.468286213999999745e+01
7.925999000000000478e+02,7.559001831999999865e+01
7.930819000000000187e+02,7.652792479000000014e+01
7.935641000000000531e+02,7.757222111999999470e+01
7.940461000000000240e+02,7.865437303999999585e+01
7.945282999999999447e+02,7.981055901999999946e+01
7.950104000000000042e+02,8.102954105999999967e+01
7.954926000000000386e+02,8.227404233999999406e+01
7.959746000000000095e+02,8.354030788000000030e+01
7.964568000000000438e+02,8.481694002999999782e+01
7.969388000000000147e+02,8.606954548000000216e+01
7.974210000000000491e+02,8.729762934999999402e+01
7.979030999999999949e+02,8.843874624999999412e+01
7.983853000000000293e+02,8.947435337999999660e+01
7.988673000000000002e+02,9.040100986999999577e+01
7.993495000000000346e+02,9.122311765000000605e+01
7.998315000000000055e+02,9.192215860999999677e+01
8.003137000000000398e+02,9.248662516000000267e+01
8.007957999999999856e+02,9.298451830999999856e+01
8.012780000000000200e+02,9.335603179000000296e+01
8.017599999999999909e+02,9.367934132000000602e+01
8.022422000000000253e+02,9.390393849999999532e+01
8.027241999999999962e+02,9.407022856000000388e+01
8.032064000000000306e+02,9.424031476000000396e+01
8.036884999999999764e+02,9.434717372000000069e+01
8.041707000000000107e+02,9.443420505000000276e+01
8.046526999999999816e+02,9.451848257999999703e+01
8.051349000000000160e+02,9.458036454000000504e+01
8.056168999999999869e+02,9.464217840999999964e+01
8.060991000000000213e+02,9.470398907999999949e+01
8.065811999999999671e+02,9.473140234999999620e+01
8.070634000000000015e+02,9.479387395000000538e+01
8.075453999999999724e+02,9.482393399999999417e+01
8.080276000000000067e+02,9.485538914999999349e+01
8.085095999999999776e+02,9.488633505999999329e+01
8.089918000000000120e+02,9.491628206000000034e+01
8.094738999999999578e+02,9.494555617000000325e+01
8.099560999999999922e+02,9.498296410000000378e+01
8.104380999999999631e+02,9.502190281000000027e+01
8.109202999999999975e+02,9.502610841999999991e+01
8.114022999999999683e+02,9.504037571000000639e+01
8.118845000000000027e+02,9.507063121000000194e+01
8.123665999999999485e+02,9.509486302999999907e+01
8.128487999999999829e+02,9.510328857999999741e+01
8.133307999999999538e+02,9.511722457999999847e+01
8.138129999999999882e+02,9.513764749000000620e+01
8.142949999999999591e+02,9.517034200000000510e+01
8.147771999999999935e+02,9.515827749000000324e+01
8.152593000000000529e+02,9.516697184999999592e+01
8.157414999999999736e+02,9.519640325999999675e+01
8.162234999999999445e+02,9.520724679999999296e+01
8.167056999999999789e+02,9.522705383000000268e+01
8.171876999999999498e+02,9.524407943999999304e+01
8.176698999999999842e+02,9.524714269000000400e+01
8.181520000000000437e+02,9.526627840000000447e+01
8.186341999999999643e+02,9.530526955999999927e+01
8.191162000000000489e+02,9.532606106000000068e+01
8.195983999999999696e+02,9.532436902000000600e+01
8.200804000000000542e+02,9.533095552000000339e+01
8.205625999999999749e+02,9.534893823000000168e+01
8.210447000000000344e+02,9.535341237000000092e+01
8.215268999999999551e+02,9.536694239000000550e+01
8.220089000000000397e+02,9.537111645000000237e+01
8.224910999999999603e+02,9.536459775999999522e+01
8.229731000000000449e+02,9.534008006000000535e+01
8.234552999999999656e+02,9.536263965000000553e+01
8.239374000000000251e+02,9.535510385999999983e+01
8.244195999999999458e+02,9.536723709999999699e+01
8.249016000000000304e+02,9.533133870000000343e+01
8.253837999999999511e+02,9.532999834999999678e+01
8.258658000000000357e+02,9.533808238000000301e+01
8.263479999999999563e+02,9.532948389999999961e+01
8.268301000000000158e+02,9.531711246999999787e+01
8.273123000000000502e+02,9.533960059999999714e+01
8.277943000000000211e+02,9.534665553000000671e+01
8.282765000000000555e+02,9.532346667000000195e+01
8.287585000000000264e+02,9.534717313000000161e+01
8.292406999999999471e+02,9.535542553999999882e+01
8.297228000000000065e+02,9.537530062999999814e+01
8.302050000000000409e+02,9.537769898000000524e+01
8.306870000000000118e+02,9.537280221000000324e+01
8.311692000000000462e+02,9.536847650999999360e+01
8.316512000000000171e+02,9.537561381999999810e+01
8.321334000000000515e+02,9.535438668000000462e+01
8.326154999999999973e+02,9.538499491999999691e+01
8.330977000000000317e+02,9.535726891000000194e+01
8.335797000000000025e+02,9.535153504000000169e+01
8.340619000000000369e+02,9.535704085999999791e+01
8.345439000000000078e+02,9.534070327000000589e+01
8.350261000000000422e+02,9.532777115999999751e+01
8.355081999999999880e+02,9.532593034999999304e+01
8.359904000000000224e+02,9.530434431999999845e+01
8.364723999999999933e+02,9.531707197000000065e+01
8.369546000000000276e+02,9.529723110000000474e+01
8.374365999999999985e+02,9.529307201999999677e+01
8.379188000000000329e+02,9.528753306000000123e+01
8.384008999999999787e+02,9.529580332999999825e+01
8.388831000000000131e+02,9.527922827999999811e+01
8.393650999999999840e+02,9.525199447999999336e+01
8.398473000000000184e+02,9.525389889999999582e+01
8.403292999999999893e+02,9.526303862000000322e+01
8.408115000000000236e+02,9.522999468999999806e+01
8.412935999999999694e+02,9.523201817999999719e+01
8.417758000000000038e+02,9.521626983000000166e+01
8.422577999999999747e+02,9.520924909999999386e+01
8.427400000000000091e+02,9.522560574000000599e+01
8.432219999999999800e+02,9.520593125999999984e+01
8.437042000000000144e+02,9.520298694000000239e+01
8.441862999999999602e+02,9.520036709999999402e+01
8.446684999999999945e+02,9.520288250000000119e+01
8.451504999999999654e+02,9.521296331000000635e+01
8.456326999999999998e+02,9.520833190999999829e+01
8.461146999999999707e+02,9.523688217000000122e+01
8.465969000000000051e+02,9.523880115000000046e+01
8.470789999999999509e+02,9.523079294000000061e+01
8.475611999999999853e+02,9.522700786999999423e+01
8.480431999999999562e+02,9.523928986999999324e+01
8.485253999999999905e+02,9.523253574000000299e+01
8.490073999999999614e+02,9.522826342999999838e+01
8.494895999999999958e+02,9.519738499999999704e+01
8.499717000000000553e+02,9.522061646999999596e+01
8.504538999999999760e+02,9.520099349000000188e+01
8.509358999999999469e+02,9.521846868000000086e+01
8.514180999999999813e+02,9.520761034999999595e+01
8.519000999999999522e+02,9.521141538000000537e+01
8.523822999999999865e+02,9.521821531000000505e+01
8.528644000000000460e+02,9.522042559999999867e+01
8.533465999999999667e+02,9.521588903999999332e+01
8.538286000000000513e+02,9.519116438999999730e+01
8.543107999999999720e+02,9.521822769000000619e+01
8.547928000000000566e+02,9.520455871000000059e+01
8.552749999999999773e+02,9.520617520000000411e+01
8.557571000000000367e+02,9.520977956000000120e+01
8.562392999999999574e+02,9.521341191999999864e+01
8.567213000000000420e+02,9.519044743000000608e+01
8.572034999999999627e+02,9.518596614000000500e+01
8.576855000000000473e+02,9.519821810999999911e+01
8.581676999999999680e+02,9.517178397000000700e+01
8.586498000000000275e+02,9.521481712000000641e+01
8.591319999999999482e+02,9.519617590000000007e+01
8.596140000000000327e+02,9.520707916000000637e+01
8.600961999999999534e+02,9.519196320999999728e+01
8.605782000000000380e+02,9.519961447000000021e+01
8.610603999999999587e+02,9.519306693000000053e+01
8.615425000000000182e+02,9.519909724999999412e+01
8.620247000000000526e+02,9.519678152999999554e+01
8.625067000000000235e+02,9.519267689999999504e+01
8.629888999999999442e+02,9.519798092000000622e+01
8.634709000000000287e+02,9.516987953000000289e+01
8.639530999999999494e+02,9.518753635999999574e+01
8.644352000000000089e+02,9.517255246999999940e+01
8.649174000000000433e+02,9.518392896000000292e+01
8.653994000000000142e+02,9.515525232000000244e+01
8.658816000000000486e+02,9.516464360000000511e+01
8.663636000000000195e+02,9.517453686999999718e+01
8.668458000000000538e+02,9.515367154000000482e+01
8.673278999999999996e+02,9.515318317000000548e+01
8.678101000000000340e+02,9.515977542999999628e+01
8.682921000000000049e+02,9.516189219000000321e+01
8.687743000000000393e+02,9.512036091000000226e+01
8.692563000000000102e+02,9.514094283999999391e+01
8.697385000000000446e+02,9.510538219000000026e+01
8.702205999999999904e+02,9.509010523999999975e+01
8.707028000000000247e+02,9.509172121000000288e+01
8.711847999999999956e+02,9.506595430999999508e+01
8.716670000000000300e+02,9.504116442999999492e+01
8.721490000000000009e+02,9.503979155000000389e+01
8.726312000000000353e+02,9.502495570000000669e+01
8.731132999999999811e+02,9.501312645999999518e+01
8.735955000000000155e+02,9.501622097000000622e+01
8.740774999999999864e+02,9.499652319999999861e+01
8.745597000000000207e+02,9.498974404999999877e+01
8.750416999999999916e+02,9.497202468999999780e+01
8.755239000000000260e+02,9.498406384000000457e+01
8.760059999999999718e+02,9.495220109000000264e+01
8.764882000000000062e+02,9.493799312000000157e+01
8.769701999999999771e+02,9.493418938000000651e+01
8.774524000000000115e+02,9.491053041000000690e+01
8.779343999999999824e+02,9.491500508999999397e+01
8.784166000000000167e+02,9.491975180000000023e+01
8.788986999999999625e+02,9.490841686000000266e+01
8.793808999999999969e+02,9.490601589000000615e+01
8.798628999999999678e+02,9.490567412999999419e+01
8.803451000000000022e+02,9.490309177000000318e+01
8.808270999999999731e+02,9.487677915000000439e+01
8.813093000000000075e+02,9.488747322000000395e+01
8.817913999999999533e+02,9.488278592999999717e+01
8.822735999999999876e+02,9.487843745000000695e+01
8.827555999999999585e+02,9.485654841999999576e+01
8.832377999999999929e+02,9.485714025999999421e+01
8.837197999999999638e+02,9.481505158000000222e+01
8.842019999999999982e+02,9.480581363000000295e+01
8.846840999999999440e+02,9.478730253000000516e+01
8.851662999999999784e+02,9.476618976999999688e+01
8.856482999999999493e+02,9.475808157000000165e+01
8.861304999999999836e+02,9.470959254999999644e+01
8.866124999999999545e+02,9.469721194000000253e+01
8.870946999999999889e+02,9.468046540000000277e+01
8.875768000000000484e+02,9.470039119000000483e+01
8.880589999999999691e+02,9.464633320000000083e+01
8.885410000000000537e+02,9.463156132999999670e+01
8.890231999999999744e+02,9.461675812999999380e+01
8.895051999999999452e+02,9.460492906000000346e+01
8.899873999999999796e+02,9.458629073999999548e+01
8.904695000000000391e+02,9.460465523999999959e+01
8.909516999999999598e+02,9.456216890999999691e+01
8.914337000000000444e+02,9.456946693000000437e+01
8.919158999999999651e+02,9.456543480000000557e+01
8.923979000000000497e+02,9.455113531000000648e+01
8.928800999999999704e+02,9.453541882000000385e+01
8.933622000000000298e+02,9.452698458000000414e+01
8.938443999999999505e+02,9.450813075000000651e+01
8.943264000000000351e+02,9.450393939999999304e+01
8.948085999999999558e+02,9.450406254000000672e+01
8.952906000000000404e+02,9.448127212999999358e+01
8.957727999999999611e+02,9.447749711999999533e+01
8.962549000000000206e+02,9.447712239999999895e+01
8.967371000000000549e+02,9.447157291000000612e+01
8.972191000000000258e+02,9.446348430000000462e+01
8.977012999999999465e+02,9.444945094000000552e+01
8.981833000000000311e+02,9.444323910999999327e+01
8.986654999999999518e+02,9.444160616000000630e+01
8.991476000000000113e+02,9.442654708000000596e+01
8.996298000000000457e+02,9.444274835000000223e+01
9.001118000000000166e+02,9.441368402000000515e+01
9.005940000000000509e+02,9.438240233000000501e+01
9.010760000000000218e+02,9.438976128000000188e+01
9.015582000000000562e+02,9.436282882000000427e+01
9.020403000000000020e+02,9.433439907000000346e+01
9.025225000000000364e+02,9.434700080999999727e+01
9.030045000000000073e+02,9.431995777000000203e+01
9.034867000000000417e+02,9.429351619000000539e+01
9.039687999999999874e+02,9.429280309000000670e+01
9.044509000000000469e+02,9.428622647999999629e+01
9.049329999999999927e+02,9.426974162999999862e+01
9.054152000000000271e+02,9.425073272000000202e+01
9.058971999999999980e+02,9.421549738999999590e+01
9.063794000000000324e+02,9.419008083999999315e+01
9.068614999999999782e+02,9.417770373999999833e+01
9.073436000000000377e+02,9.415981284000000073e+01
9.078256999999999834e+02,9.413097917000000336e+01
9.083079000000000178e+02,9.412257823000000201e+01
9.087898999999999887e+02,9.412487959000000615e+01
9.092721000000000231e+02,9.410818819000000701e+01
9.097541999999999689e+02,9.407297576000000561e+01
9.102363000000000284e+02,9.406919741999999474e+01
9.107183999999999742e+02,9.408774182000000508e+01
9.112006000000000085e+02,9.405833959000000277e+01
9.116825999999999794e+02,9.405269742999999494e+01
9.121647000000000389e+02,9.407443639000000246e+01
9.126468999999999596e+02,9.404867991000000416e+01
9.131290000000000191e+02,9.405694900000000302e+01
9.136110999999999649e+02,9.404481481999999914e+01
9.140932000000000244e+02,9.402400746000000709e+01
9.145752999999999702e+02,9.401808952000000374e+01
9.150574000000000296e+02,9.399957431999999358e+01
9.155395999999999503e+02,9.395955967999999814e+01
9.160217000000000098e+02,9.395955648999999710e+01
9.165037999999999556e+02,9.392913181000000122e+01
9.169859000000000151e+02,9.390721811000000230e+01
9.174679999999999609e+02,9.387451808999999514e+01
9.179501000000000204e+02,9.385295193999999697e+01
9.184323000000000548e+02,9.381936493999999982e+01
9.189144000000000005e+02,9.380722326000000066e+01
9.193964999999999463e+02,9.373609068000000377e+01
9.198786000000000058e+02,9.370784265999999718e+01
9.203606999999999516e+02,9.367890538999999706e+01
9.208428000000000111e+02,9.365277453999999580e+01
9.213250000000000455e+02,9.362737529999999708e+01
9.218070999999999913e+02,9.358504164000000003e+01
9.222892000000000507e+02,9.353438298000000373e+01
9.227712999999999965e+02,9.349943025000000318e+01
9.232534000000000560e+02,9.344316019000000040e+01
9.237355000000000018e+02,9.341698245999999983e+01
9.242177000000000362e+02,9.335872148999999354e+01
9.246997999999999820e+02,9.332084450000000686e+01
9.251819000000000415e+02,9.327129207000000122e+01
9.256639999999999873e+02,9.322838699999999790e+01
9.261461000000000467e+02,9.317972967999999412e+01
9.266281999999999925e+02,9.310542750000000467e+01
9.271104000000000269e+02,9.305028479000000630e+01
9.275924999999999727e+02,9.298277208000000371e+01
9.280746000000000322e+02,9.290314284000000100e+01
9.285566999999999780e+02,9.284956893999999750e+01
9.290388000000000375e+02,9.275590751999999384e+01
9.295208999999999833e+02,9.266235079000000496e+01
9.300031000000000176e+02,9.259713557000000606e+01
9.304851999999999634e+02,9.252088240000000496e+01
9.309673000000000229e+02,9.245682250999999496e+01
9.314493999999999687e+02,9.238430540999999607e+01
9.319315000000000282e+02,9.231142959999999675e+01
9.324135999999999740e+02,9.222700953000000368e+01
9.328958000000000084e+02,9.215425478999999598e+01
9.333778999999999542e+02,9.208945409999999754e+01
9.338600000000000136e+02,9.199437292000000355e+01
9.343420999999999594e+02,9.191290317000000698e+01
9.348242000000000189e+02,9.182281372999999292e+01
9.353062999999999647e+02,9.168458569999999952e+01
9.357884999999999991e+02,9.158537535000000673e+01
9.362705999999999449e+02,9.144165977999999484e+01
9.367527000000000044e+02,9.132483908000000383e+01
9.372347999999999502e+02,9.118759713999999406e+01
9.377169000000000096e+02,9.108034490000000005e+01
9.381989999999999554e+02,9.094152898000000107e+01
9.386811999999999898e+02,9.081607506999999657e+01
9.391633000000000493e+02,9.073057344999999430e+01
9.396453999999999951e+02,9.062483434000000670e+01
9.401275000000000546e+02,9.055649599000000194e+01
9.406096000000000004e+02,9.051852030999999954e+01
9.410916999999999462e+02,9.046898912000000337e+01
9.415738999999999805e+02,9.044385943999999711e+01
9.420560000000000400e+02,9.041213777999999479e+01
9.425380999999999858e+02,9.041258247000000381e+01
9.430202000000000453e+02,9.041440506000000710e+01
9.435022999999999911e+02,9.040510301000000482e+01
9.439844000000000506e+02,9.039037140000000647e+01
9.444665999999999713e+02,9.039393948000000023e+01
9.449487000000000307e+02,9.035146088999999847e+01
9.454307999999999765e+02,9.032000290000000575e+01
9.459129000000000360e+02,9.028832402999999829e+01
9.463949999999999818e+02,9.023124171999999987e+01
9.468771000000000413e+02,9.014318419999999321e+01
9.473592999999999620e+02,9.007986092000000156e+01
9.478414000000000215e+02,8.998796731999999565e+01
9.483234999999999673e+02,8.986757618999999409e+01
9.488056000000000267e+02,8.975230184000000122e+01
9.492876999999999725e+02,8.962737346999999488e+01
9.497698000000000320e+02,8.947364584000000320e+01
9.502519999999999527e+02,8.931032661000000417e+01
9.507341000000000122e+02,8.914818635999999685e+01
9.512161999999999580e+02,8.900599248000000330e+01
9.516983000000000175e+02,8.882492474999999388e+01
9.521803999999999633e+02,8.863181620000000294e+01
9.526625000000000227e+02,8.843774202000000173e+01
9.531446999999999434e+02,8.821884579999999687e+01
9.536268000000000029e+02,8.799849820999999395e+01
9.541088999999999487e+02,8.777546035999999674e+01
9.545910000000000082e+02,8.750593447999999341e+01
9.550730999999999540e+02,8.721918454999999426e+01
9.555552000000000135e+02,8.691308449000000280e+01
9.560374000000000478e+02,8.657152813000000435e+01
9.565194999999999936e+02,8.618663859000000116e+01
9.570016000000000531e+02,8.576476700999999991e+01
9.574836999999999989e+02,8.531001600000000451e+01
9.579657999999999447e+02,8.474726794999999413e+01
9.584479000000000042e+02,8.415611658999999634e+01
9.589301000000000386e+02,8.346685639999999751e+01
9.594121999999999844e+02,8.271765727000000368e+01
9.598943000000000438e+02,8.188487729000000570e+01
9.603763999999999896e+02,8.097495979999999349e+01
9.608585000000000491e+02,8.001608201999999892e+01
9.613405999999999949e+02,7.901385225999999307e+01
9.618228000000000293e+02,7.801955728000000079e+01
9.623048999999999751e+02,7.701832419999999502e+01
9.627870000000000346e+02,7.611172480999999834e+01
9.632690999999999804e+02,7.521905707000000518e+01
9.637512000000000398e+02,7.445428848999999616e+01
9.642332999999999856e+02,7.374401693000000080e+01
9.647155000000000200e+02,7.309959292000000630e+01
9.651975999999999658e+02,7.253126014999999427e+01
9.656797000000000253e+02,7.194480015000000606e+01
9.661617999999999711e+02,7.132603029000000561e+01
9.666439000000000306e+02,7.059790033000000165e+01
9.671259999999999764e+02,6.975106531999999504e+01
9.676082000000000107e+02,6.873045365999999490e+01
9.680902999999999565e+02,6.745630040000000349e+01
9.685724000000000160e+02,6.595805807000000698e+01
9.690544999999999618e+02,6.417474414000000138e+01
9.695366000000000213e+02,6.207364029000000016e+01
9.700186999999999671e+02,5.970395375999999743e+01
9.705009000000000015e+02,5.702443113999999724e+01
9.709829999999999472e+02,5.406950067999999732e+01
9.714651000000000067e+02,5.080024640999999974e+01
9.719471999999999525e+02,4.728083233000000263e+01
9.724293000000000120e+02,4.353877169999999808e+01
9.729113999999999578e+02,3.961613911999999971e+01
9.733935999999999922e+02,3.554779109999999775e+01
9.738757000000000517e+02,3.147884940999999870e+01
9.743577999999999975e+02,2.742546291000000025e+01
9.748398999999999432e+02,2.348081974000000116e+01
9.753220000000000027e+02,1.975126928999999976e+01
9.758040999999999485e+02,1.637526034000000053e+01
9.762862999999999829e+02,1.334600694000000054e+01
9.767684000000000424e+02,1.074829833000000079e+01
9.772504999999999882e+02,8.683173073000000741e+00
9.777326000000000477e+02,7.103271795999999583e+00
9.782146999999999935e+02,6.026165828999999974e+00
9.786968000000000529e+02,5.401053309999999996e+00
9.791789999999999736e+02,5.214873551000000163e+00
9.796611000000000331e+02,5.357769120000000385e+00
9.801431999999999789e+02,5.804198992999999973e+00
9.806253000000000384e+02,6.445128319000000161e+00
9.811073999999999842e+02,7.165898294999999862e+00
9.815895000000000437e+02,7.968550933000000391e+00
9.820716999999999643e+02,8.745480612999999792e+00
9.825538000000000238e+02,9.506929195999999749e+00
9.830358999999999696e+02,1.014310644999999944e+01
9.835180000000000291e+02,1.065749813000000046e+01
9.840000999999999749e+02,1.108337007999999990e+01
9.844822000000000344e+02,1.134907901000000052e+01
9.849643999999999551e+02,1.150605700999999925e+01
9.854465000000000146e+02,1.154895256000000003e+01
9.859285999999999603e+02,1.149231930999999918e+01
9.864107000000000198e+02,1.127933046999999966e+01
9.868927999999999656e+02,1.104392318000000017e+01
9.873749000000000251e+02,1.072780646000000004e+01
9.878570999999999458e+02,1.030558867000000056e+01
9.883392000000000053e+02,9.895767241999999797e+00
9.888212999999999511e+02,9.434534600999999299e+00
9.893034000000000106e+02,8.925833822999999612e+00
9.897854999999999563e+02,8.429643271999999854e+00
9.902676000000000158e+02,7.961977985999999952e+00
9.907498000000000502e+02,7.441576199000000003e+00
9.912318999999999960e+02,6.981282134999999833e+00
9.917140000000000555e+02,6.512680442999999819e+00
9.921961000000000013e+02,6.036035530000000371e+00
9.926781999999999471e+02,5.638019876999999624e+00
9.931603000000000065e+02,5.225176874999999832e+00
9.936425000000000409e+02,4.893923943999999970e+00
9.941245999999999867e+02,4.556442150999999718e+00
9.946067000000000462e+02,4.260910009999999914e+00
9.950887999999999920e+02,3.969846337999999974e+00
9.955709000000000515e+02,3.746761949000000147e+00
9.960529999999999973e+02,3.524511170999999887e+00
9.965352000000000317e+02,3.348603801999999963e+00
9.970172999999999774e+02,3.202702651000000067e+00
9.974994000000000369e+02,3.063509809000000139e+00
9.979814999999999827e+02,2.976122950999999794e+00
9.984636000000000422e+02,2.895897048000000140e+00
9.989456999999999880e+02,2.869351480000000176e+00
9.994279000000000224e+02,2.829861503000000056e+00
9.999099999999999682e+02,2.838399418999999924e+00
1.000392000000000053e+03,2.842947840999999976e+00
1.000874000000000024e+03,2.894105895000000039e+00
1.001355999999999995e+03,2.949281618000000105e+00
1.001837999999999965e+03,3.015509403999999893e+00
1.002321000000000026e+03,3.086265157999999786e+00
1.002802999999999997e+03,3.194670073999999804e+00
1.003284999999999968e+03,3.270270573999999986e+00
1.003767000000000053e+03,3.404994084999999782e+00
1.004249000000000024e+03,3.462742752000000035e+00
1.004730999999999995e+03,3.574978658000000031e+00
1.005212999999999965e+03,3.678801846999999903e+00
1.005695000000000050e+03,3.771732356999999869e+00
1.006177000000000021e+03,3.893303641999999787e+00
1.006659999999999968e+03,3.988919355000000166e+00
1.007142000000000053e+03,4.068704976000000251e+00
1.007624000000000024e+03,4.168356443999999605e+00
1.008105999999999995e+03,4.258768092000000394e+00
1.008587999999999965e+03,4.336193192999999724e+00
1.009070000000000050e+03,4.391530869000000337e+00
1.009552000000000021e+03,4.451683720000000122e+00
1.010033999999999992e+03,4.520505338000000428e+00
1.010517000000000053e+03,4.564827101999999748e+00
1.010999000000000024e+03,4.603278910000000224e+00
1.011480999999999995e+03,4.624887964000000018e+00
1.011962999999999965e+03,4.665065186999999725e+00
1.012445000000000050e+03,4.678787652999999658e+00
1.012927000000000021e+03,4.671762797999999606e+00
1.013408999999999992e+03,4.648189284999999948e+00
1.013890999999999963e+03,4.668177921999999924e+00
1.014373000000000047e+03,4.634099177000000402e+00
1.014855999999999995e+03,4.621610990999999835e+00
1.015337999999999965e+03,4.576390317000000429e+00
1.015820000000000050e+03,4.515954230000000180e+00
1.016302000000000021e+03,4.441618352999999964e+00
1.016783999999999992e+03,4.360192653000000362e+00
1.017265999999999963e+03,4.288258794999999957e+00
1.017748000000000047e+03,4.190721732000000088e+00
1.018230000000000018e+03,4.089241097999999575e+00
1.018712999999999965e+03,3.983297686999999865e+00
1.019195000000000050e+03,3.879971700000000023e+00
1.019677000000000021e+03,3.764783763000000061e+00
1.020158999999999992e+03,3.619290385000000221e+00
1.020640999999999963e+03,3.509521769000000013e+00
1.021123000000000047e+03,3.397838029999999954e+00
1.021605000000000018e+03,3.258005863999999807e+00
1.022086999999999989e+03,3.129150612000000109e+00
1.022568999999999960e+03,2.971166344999999875e+00
1.023052000000000021e+03,2.872856071999999816e+00
1.023533999999999992e+03,2.722369998000000013e+00
1.024016000000000076e+03,2.599123968999999867e+00
1.024498000000000047e+03,2.452887630999999846e+00
1.024980000000000018e+03,2.339611625999999944e+00
1.025461999999999989e+03,2.223358200999999923e+00
1.025943999999999960e+03,2.081812103999999941e+00
1.026425999999999931e+03,1.969412436000000044e+00
1.026907999999999902e+03,1.847913866000000072e+00
1.027391000000000076e+03,1.724520320000000106e+00
1.027873000000000047e+03,1.598348168000000014e+00
1.028355000000000018e+03,1.493133886999999937e+00
1.028836999999999989e+03,1.397197027000000036e+00
1.029318999999999960e+03,1.297128821999999904e+00
1.029800999999999931e+03,1.208248527999999933e+00
1.030282999999999902e+03,1.123924890000000065e+00
1.030765000000000100e+03,1.047244942000000067e+00
1.031248000000000047e+03,9.614964559999999993e-01
1.031730000000000018e+03,9.044557840000000404e-01
1.032211999999999989e+03,8.516702809999999735e-01
1.032693999999999960e+03,8.034130689999999797e-01
1.033175999999999931e+03,7.100590559999999662e-01
1.033657999999999902e+03,6.950312400000000501e-01
1.034140000000000100e+03,6.705584839999999547e-01
1.034622000000000071e+03,6.482028290000000359e-01
1.035104000000000042e+03,6.390720930000000077e-01
1.035586999999999989e+03,6.485108889999999793e-01
1.036068999999999960e+03,6.442407650000000485e-01
1.036550999999999931e+03,6.360933829999999567e-01
1.037032999999999902e+03,6.490664360000000244e-01
1.037515000000000100e+03,6.703307349999999554e-01
1.037997000000000071e+03,6.917734570000000360e-01
1.038479000000000042e+03,7.290688910000000522e-01
1.038961000000000013e+03,7.707738320000000476e-01
1.039443999999999960e+03,8.007146480000000288e-01
1.039925999999999931e+03,8.765632209999999480e-01
1.040407999999999902e+03,9.012435939999999812e-01
1.040890000000000100e+03,9.894294810000000551e-01
1.041372000000000071e+03,1.076735997999999972e+00
1.041854000000000042e+03,1.147081188999999890e+00
1.042336000000000013e+03,1.243915368999999993e+00
1.042817999999999984e+03,1.335526014000000039e+00
1.043300999999999931e+03,1.409890864000000077e+00
1.043782999999999902e+03,1.538324701000000072e+00
1.044265000000000100e+03,1.636014108999999994e+00
1.044747000000000071e+03,1.745158621000000077e+00
1.045229000000000042e+03,1.865813798000000023e+00
1.045711000000000013e+03,1.989075737999999927e+00
1.046192999999999984e+03,2.104307286000000055e+00
1.046674999999999955e+03,2.221450186000000215e+00
1.047156999999999925e+03,2.348736455000000056e+00
1.047640000000000100e+03,2.468022495000000038e+00
1.048122000000000071e+03,2.623430406999999853e+00
1.048604000000000042e+03,2.759979337999999949e+00
1.049086000000000013e+03,2.900910050999999878e+00
1.049567999999999984e+03,3.015453939999999999e+00
1.050049999999999955e+03,3.146246359000000048e+00
1.050531999999999925e+03,3.306741290999999805e+00
1.051013999999999896e+03,3.441552033999999871e+00
1.051496000000000095e+03,3.568802634999999945e+00
1.051979000000000042e+03,3.726800448000000099e+00
1.052461000000000013e+03,3.866158989000000101e+00
1.052942999999999984e+03,4.023174408000000035e+00
1.053424999999999955e+03,4.146675057000000386e+00
1.053906999999999925e+03,4.319572874000000340e+00
1.054388999999999896e+03,4.454113740999999571e+00
1.054871000000000095e+03,4.592902625999999877e+00
1.055353000000000065e+03,4.759908685000000084e+00
1.055835000000000036e+03,4.897378573000000124e+00
1.056317999999999984e+03,5.066286905000000118e+00
1.056799999999999955e+03,5.201320722000000174e+00
1.057281999999999925e+03,5.322944513999999572e+00
1.057763999999999896e+03,5.474031455999999629e+00
1.058246000000000095e+03,5.620050954999999959e+00
1.058728000000000065e+03,5.782632023999999760e+00
1.059210000000000036e+03,5.925923165000000381e+00
1.059692000000000007e+03,6.065026559999999733e+00
1.060174999999999955e+03,6.190303062999999995e+00
1.060656999999999925e+03,6.339181898999999731e+00
1.061138999999999896e+03,6.477104361000000310e+00
1.061621000000000095e+03,6.608747102999999790e+00
1.062103000000000065e+03,6.737357364000000182e+00
1.062585000000000036e+03,6.865516075000000384e+00
1.063067000000000007e+03,6.979466805999999579e+00
1.063548999999999978e+03,7.115916030000000170e+00
1.064030999999999949e+03,7.234030669000000024e+00
1.064513999999999896e+03,7.318493937999999588e+00
1.064996000000000095e+03,7.428418918000000204e+00
1.065478000000000065e+03,7.523409682999999681e+00
1.065960000000000036e+03,7.645261674000000340e+00
1.066442000000000007e+03,7.772982545999999715e+00
1.066923999999999978e+03,7.833314063999999632e+00
1.067405999999999949e+03,7.946185683000000388e+00
1.067887999999999920e+03,8.044212732000000088e+00
1.068371000000000095e+03,8.118096747999999252e+00
1.068853000000000065e+03,8.201189681000000675e+00
1.069335000000000036e+03,8.302421693999999519e+00
1.069817000000000007e+03,8.357738617000000758e+00
1.070298999999999978e+03,8.434722795000000772e+00
1.070780999999999949e+03,8.522284013000000158e+00
1.071262999999999920e+03,8.579561516000000054e+00
1.071744999999999891e+03,8.647841744999999136e+00
1.072228000000000065e+03,8.712006498999999238e+00
1.072710000000000036e+03,8.779046634000000182e+00
1.073192000000000007e+03,8.861532690000000656e+00
1.073673999999999978e+03,8.940811798000000366e+00
1.074155999999999949e+03,8.948471477000000007e+00
1.074637999999999920e+03,9.029876896999999403e+00
1.075119999999999891e+03,9.072337734999999626e+00
1.075602000000000089e+03,9.104448113000000120e+00
1.076084000000000060e+03,9.158944178000000491e+00
1.076567000000000007e+03,9.204615646000000595e+00
1.077048999999999978e+03,9.217670767999999626e+00
1.077530999999999949e+03,9.233904711999999293e+00
1.078012999999999920e+03,9.297429557999999261e+00
1.078494999999999891e+03,9.293130760000000379e+00
1.078977000000000089e+03,9.340623731999999180e+00
1.079459000000000060e+03,9.333275493000000367e+00
1.079941000000000031e+03,9.360923828000000668e+00
1.080423000000000002e+03,9.362694000999999488e+00
1.080905999999999949e+03,9.375305240999999512e+00
1.081387999999999920e+03,9.377149483000000174e+00
1.081869999999999891e+03,9.405819432999999563e+00
1.082352000000000089e+03,9.423382428000000033e+00
1.082834000000000060e+03,9.427065517999999145e+00
1.083316000000000031e+03,9.420265822999999372e+00
1.083798000000000002e+03,9.424260023000000430e+00
1.084279999999999973e+03,9.410759231000000113e+00
1.084761999999999944e+03,9.424361196999999635e+00
1.085244999999999891e+03,9.418984272999999519e+00
1.085727000000000089e+03,9.439426130999999387e+00
1.086209000000000060e+03,9.418383584000000752e+00
1.086691000000000031e+03,9.427972925000000615e+00
1.087173000000000002e+03,9.405812629999999785e+00
1.087654999999999973e+03,9.388393129000000670e+00
1.088136999999999944e+03,9.369683888999999155e+00
1.088618999999999915e+03,9.348581336000000519e+00
1.089102000000000089e+03,9.321299579999999807e+00
1.089584000000000060e+03,9.291686111000000636e+00
1.090066000000000031e+03,9.270937367000000151e+00
1.090548000000000002e+03,9.234759503999999453e+00
1.091029999999999973e+03,9.221059123999999940e+00
1.091511999999999944e+03,9.168904034000000536e+00
1.091993999999999915e+03,9.177258458000000729e+00
1.092476000000000113e+03,9.098130251000000612e+00
1.092958000000000084e+03,9.081513807000000327e+00
1.093441000000000031e+03,9.044248349000000076e+00
1.093923000000000002e+03,9.022534659999999818e+00
1.094404999999999973e+03,8.968743173000000013e+00
1.094886999999999944e+03,8.934753119999999882e+00
1.095368999999999915e+03,8.892732286999999403e+00
1.095851000000000113e+03,8.899251932000000309e+00
1.096333000000000084e+03,8.844340954999999838e+00
1.096815000000000055e+03,8.794967456000000183e+00
1.097298000000000002e+03,8.750136358000000669e+00
1.097779999999999973e+03,8.716090593000000553e+00
1.098261999999999944e+03,8.677510030000000540e+00
1.098743999999999915e+03,8.597786663999999135e+00
1.099226000000000113e+03,8.549653059000000610e+00
1.099708000000000084e+03,8.513878697999999190e+00
1.100190000000000055e+03,8.464987155999999402e+00
1.100672000000000025e+03,8.404430546000000390e+00
1.101154999999999973e+03,8.354623717000000838e+00
1.101636999999999944e+03,8.279973184999999347e+00
1.102118999999999915e+03,8.242966413999999631e+00
1.102601000000000113e+03,8.183221647999999959e+00
1.103083000000000084e+03,8.129539607999999973e+00
1.103565000000000055e+03,8.078120908000000711e+00
1.104047000000000025e+03,8.034073992999999803e+00
1.104528999999999996e+03,7.990089711999999622e+00
1.105010999999999967e+03,7.932956523999999732e+00
1.105493999999999915e+03,7.894353646999999974e+00
1.105976000000000113e+03,7.861508793999999689e+00
1.106458000000000084e+03,7.809212339000000114e+00
1.106940000000000055e+03,7.782777564999999953e+00
1.107422000000000025e+03,7.716589840000000144e+00
1.107903999999999996e+03,7.676217431999999619e+00
1.108385999999999967e+03,7.628715611999999702e+00
1.108867999999999938e+03,7.585179924000000184e+00
1.109349999999999909e+03,7.517995886999999655e+00
1.109833000000000084e+03,7.491318694000000278e+00
1.110315000000000055e+03,7.443302387000000131e+00
1.110797000000000025e+03,7.396977985000000366e+00
1.111278999999999996e+03,7.367259737000000364e+00
1.111760999999999967e+03,7.287472425999999892e+00
1.112242999999999938e+03,7.269994417999999570e+00
1.112724999999999909e+03,7.256386978000000099e+00
1.113207000000000107e+03,7.186031637000000138e+00
1.113689000000000078e+03,7.145105481999999952e+00
1.114172000000000025e+03,7.140643263000000296e+00
1.114653999999999996e+03,7.099517092000000140e+00
1.115135999999999967e+03,7.045474751999999619e+00
1.115617999999999938e+03,7.004472521000000285e+00
1.116099999999999909e+03,6.970316208999999930e+00
1.116582000000000107e+03,6.940563168999999810e+00
1.117064000000000078e+03,6.893561613000000143e+00
1.117546000000000049e+03,6.863025200000000048e+00
1.118028999999999996e+03,6.839257711000000128e+00
1.118510999999999967e+03,6.825028936999999907e+00
1.118992999999999938e+03,6.777353652000000395e+00
1.119474999999999909e+03,6.760790808000000318e+00
1.119957000000000107e+03,6.718206469000000070e+00
1.120439000000000078e+03,6.705619335999999819e+00
1.120921000000000049e+03,6.694352395000000122e+00
1.121403000000000020e+03,6.662562775999999687e+00
1.121884999999999991e+03,6.642058717000000279e+00
1.122367999999999938e+03,6.618331837999999578e+00
1.122849999999999909e+03,6.612205524000000167e+00
1.123332000000000107e+03,6.627706537999999981e+00
1.123814000000000078e+03,6.605882983999999958e+00
1.124296000000000049e+03,6.585677417000000311e+00
1.124778000000000020e+03,6.577701044000000330e+00
1.125259999999999991e+03,6.597946520999999898e+00
1.125741999999999962e+03,6.585949698000000296e+00
1.126224999999999909e+03,6.589847250000000045e+00
1.126707000000000107e+03,6.582100955999999670e+00
1.127189000000000078e+03,6.567343067000000367e+00
1.127671000000000049e+03,6.566128767999999560e+00
1.128153000000000020e+03,6.598956217999999652e+00
1.128634999999999991e+03,6.564806072999999742e+00
1.129116999999999962e+03,6.565916192000000429e+00
1.129598999999999933e+03,6.555725896000000219e+00
1.130082000000000107e+03,6.560852663000000362e+00
1.130564000000000078e+03,6.544441993000000402e+00
1.131046000000000049e+03,6.542357127999999911e+00
1.131528000000000020e+03,6.549691562999999661e+00
1.132009999999999991e+03,6.560904749999999730e+00
1.132491999999999962e+03,6.561935296999999778e+00
1.132973999999999933e+03,6.591764261999999874e+00
1.133455999999999904e+03,6.570102849999999606e+00
1.133938000000000102e+03,6.599059440999999637e+00
1.134421000000000049e+03,6.625093578999999622e+00
1.134903000000000020e+03,6.635762125000000289e+00
1.135384999999999991e+03,6.652405288999999833e+00
1.135866999999999962e+03,6.674269167000000280e+00
1.136348999999999933e+03,6.711933018999999945e+00
1.136830999999999904e+03,6.729176011999999929e+00
1.137313000000000102e+03,6.772789139000000347e+00
1.137795000000000073e+03,6.799275086999999829e+00
1.138277000000000044e+03,6.812358524999999609e+00
1.138759999999999991e+03,6.856991695999999692e+00
1.139241999999999962e+03,6.873053909000000239e+00
1.139723999999999933e+03,6.909118309000000124e+00
1.140205999999999904e+03,6.962266093000000211e+00
1.140688000000000102e+03,6.968060785999999673e+00
1.141170000000000073e+03,7.019229908999999878e+00
1.141652000000000044e+03,7.049390179999999617e+00
1.142134000000000015e+03,7.083214920999999720e+00
1.142615999999999985e+03,7.131281021999999581e+00
1.143098999999999933e+03,7.187862829000000175e+00
1.143580999999999904e+03,7.241364736999999607e+00
1.144063000000000102e+03,7.258419355000000017e+00
1.144545000000000073e+03,7.297580824999999827e+00
1.145027000000000044e+03,7.354415042000000291e+00
1.145509000000000015e+03,7.404831056999999994e+00
1.145990999999999985e+03,7.456720898000000375e+00
1.146472999999999956e+03,7.492212638999999896e+00
1.146955999999999904e+03,7.538667830999999708e+00
1.147438000000000102e+03,7.566349939000000191e+00
1.147920000000000073e+03,7.619137240999999783e+00
1.148402000000000044e+03,7.678460027999999937e+00
1.148884000000000015e+03,7.732503148000000159e+00
1.149365999999999985e+03,7.770054043000000021e+00
1.149847999999999956e+03,7.830270796999999838e+00
1.150329999999999927e+03,7.880599255999999997e+00
1.150811999999999898e+03,7.928817815000000380e+00
1.151295000000000073e+03,7.984970679999999987e+00
1.151777000000000044e+03,8.028724731000000503e+00
1.152259000000000015e+03,8.083224766000000727e+00
1.152740999999999985e+03,8.140995459000000878e+00
1.153222999999999956e+03,8.195763752999999596e+00
1.153704999999999927e+03,8.225219283999999575e+00
1.154186999999999898e+03,8.297151629000000028e+00
1.154669000000000096e+03,8.364119676999999697e+00
1.155152000000000044e+03,8.408411291000000176e+00
1.155634000000000015e+03,8.480490886000000117e+00
1.156115999999999985e+03,8.539910844999999640e+00
1.156597999999999956e+03,8.593908872000000088e+00
1.157079999999999927e+03,8.650695838000000748e+00
1.157561999999999898e+03,8.729123136000000116e+00
1.158044000000000096e+03,8.788723422000000340e+00
1.158526000000000067e+03,8.862791781000000313e+00
1.159009000000000015e+03,8.925172482000000684e+00
1.159490999999999985e+03,8.978627490999999239e+00
1.159972999999999956e+03,9.061266225000000674e+00
1.160454999999999927e+03,9.103705483000000598e+00
1.160936999999999898e+03,9.161397041000000740e+00
1.161419000000000096e+03,9.232171709999999365e+00
1.161901000000000067e+03,9.297824497000000576e+00
1.162383000000000038e+03,9.362974995000000078e+00
1.162865000000000009e+03,9.436503546999999159e+00
1.163347999999999956e+03,9.489464330000000558e+00
1.163829999999999927e+03,9.544158215999999584e+00
1.164311999999999898e+03,9.618272680000000463e+00
1.164794000000000096e+03,9.679969992000000190e+00
1.165276000000000067e+03,9.729024669999999375e+00
1.165758000000000038e+03,9.816512151999999602e+00
1.166240000000000009e+03,9.872629866000000476e+00
1.166721999999999980e+03,9.921649218000000658e+00
1.167203999999999951e+03,1.000688983000000043e+01
1.167686999999999898e+03,1.004934772999999915e+01
1.168169000000000096e+03,1.013516332000000020e+01
1.168651000000000067e+03,1.018806911000000071e+01
1.169133000000000038e+03,1.024195895000000078e+01
1.169615000000000009e+03,1.031267543999999958e+01
1.170096999999999980e+03,1.037053635000000007e+01
1.170578999999999951e+03,1.042652151000000060e+01
1.171060999999999922e+03,1.048112251000000050e+01
1.171542999999999893e+03,1.055695455000000038e+01
1.172026000000000067e+03,1.057990582000000046e+01
1.172508000000000038e+03,1.066830045000000027e+01
1.172990000000000009e+03,1.073802723999999920e+01
1.173471999999999980e+03,1.077759668000000026e+01
1.173953999999999951e+03,1.083729695000000071e+01
1.174435999999999922e+03,1.090575053000000061e+01
1.174917999999999893e+03,1.095209056000000025e+01
1.175400000000000091e+03,1.103018196999999923e+01
1.175883000000000038e+03,1.106679248999999920e+01
1.176365000000000009e+03,1.112096325999999991e+01
1.176846999999999980e+03,1.117185719999999982e+01
1.177328999999999951e+03,1.123455833000000048e+01
1.177810999999999922e+03,1.131302348000000002e+01
1.178292999999999893e+03,1.134634993000000058e+01
1.178775000000000091e+03,1.138997273000000021e+01
1.179257000000000062e+03,1.143269221000000080e+01
1.179740000000000009e+03,1.149382053999999975e+01
1.180221999999999980e+03,1.154366315999999948e+01
1.180703999999999951e+03,1.162385156999999936e+01
1.181185999999999922e+03,1.165345559000000009e+01
1.181667999999999893e+03,1.170109421999999988e+01
1.182150000000000091e+03,1.175886619000000088e+01
1.182632000000000062e+03,1.179921958000000082e+01
1.183114000000000033e+03,1.186588068000000007e+01
1.183596000000000004e+03,1.191119175999999946e+01
1.184078999999999951e+03,1.196524714999999972e+01
1.184560999999999922e+03,1.199292793999999951e+01
1.185042999999999893e+03,1.204312821999999983e+01
1.185525000000000091e+03,1.209484682999999983e+01
1.186007000000000062e+03,1.211218307999999944e+01
1.186489000000000033e+03,1.218138483000000072e+01
1.186971000000000004e+03,1.223847452000000047e+01
1.187452999999999975e+03,1.226009029000000083e+01
1.187935999999999922e+03,1.230334204000000042e+01
1.188417999999999893e+03,1.236232099000000062e+01
1.188900000000000091e+03,1.238177401999999994e+01
1.189382000000000062e+03,1.242751786000000003e+01
1.189864000000000033e+03,1.247186746000000035e+01
1.190346000000000004e+03,1.251302568999999920e+01
1.190827999999999975e+03,1.253836393999999999e+01
1.191309999999999945e+03,1.260195069999999973e+01
1.191791999999999916e+03,1.262239920999999931e+01
1.192275000000000091e+03,1.266748811999999980e+01
1.192757000000000062e+03,1.271071990999999990e+01
1.193239000000000033e+03,1.272599916999999969e+01
1.193721000000000004e+03,1.275755406000000036e+01
1.194202999999999975e+03,1.280455933000000002e+01
1.194684999999999945e+03,1.282701108999999917e+01
1.195166999999999916e+03,1.284587785000000082e+01
1.195648999999999887e+03,1.287815550000000009e+01
1.196131000000000085e+03,1.289600554000000088e+01
1.196614000000000033e+03,1.292431333999999943e+01
1.197096000000000004e+03,1.295076800000000006e+01
1.197577999999999975e+03,1.296279458999999967e+01
1.198059999999999945e+03,1.298297746999999980e+01
1.198541999999999916e+03,1.300955693000000046e+01
1.199023999999999887e+03,1.303328441000000026e+01
1.199506000000000085e+03,1.307337049999999934e+01
1.199988000000000056e+03,1.308885867000000047e+01
1.200470000000000027e+03,1.311316285000000015e+01
1.200952999999999975e+03,1.312666373999999969e+01
1.201434999999999945e+03,1.314600030999999980e+01
1.201916999999999916e+03,1.318560854999999954e+01
1.202398999999999887e+03,1.317592510000000061e+01
1.202881000000000085e+03,1.320586587000000023e+01
1.203363000000000056e+03,1.322540030999999949e+01
1.203845000000000027e+03,1.324277554999999928e+01
1.204326999999999998e+03,1.324789276999999998e+01
1.204809999999999945e+03,1.326550699000000044e+01
1.205291999999999916e+03,1.325869681000000000e+01
1.205773999999999887e+03,1.327493793999999916e+01
1.206256000000000085e+03,1.329504936000000015e+01
1.206738000000000056e+03,1.329430789999999973e+01
1.207220000000000027e+03,1.329550187999999977e+01
1.207701999999999998e+03,1.330393970000000081e+01
1.208183999999999969e+03,1.331056015000000059e+01
1.208666999999999916e+03,1.332581644000000054e+01
1.209148999999999887e+03,1.333421023000000005e+01
1.209631000000000085e+03,1.333025699000000053e+01
1.210113000000000056e+03,1.335747107000000078e+01
1.210595000000000027e+03,1.335378028000000050e+01
1.211076999999999998e+03,1.337641344000000032e+01
1.211558999999999969e+03,1.336634916000000040e+01
1.212040999999999940e+03,1.336290742000000087e+01
1.212522999999999911e+03,1.337415037000000062e+01
1.213006000000000085e+03,1.338299244999999971e+01
1.213488000000000056e+03,1.338210298000000087e+01
1.213970000000000027e+03,1.338265168999999943e+01
1.214451999999999998e+03,1.335878263999999938e+01
1.214933999999999969e+03,1.337169880000000077e+01
1.215415999999999940e+03,1.336523170000000071e+01
1.215897999999999911e+03,1.336401882999999913e+01
1.216380000000000109e+03,1.338785936000000021e+01
1.216863000000000056e+03,1.335471481999999988e+01
1.217345000000000027e+03,1.335618526999999922e+01
1.217826999999999998e+03,1.333590642000000059e+01
1.218308999999999969e+03,1.334902879999999925e+01
1.218790999999999940e+03,1.331794060000000002e+01
1.219272999999999911e+03,1.331326289999999979e+01
1.219755000000000109e+03,1.329909102000000054e+01
1.220237000000000080e+03,1.331589476999999988e+01
1.220719000000000051e+03,1.329685534000000047e+01
1.221201999999999998e+03,1.326360696999999966e+01
1.221683999999999969e+03,1.328524140999999936e+01
1.222165999999999940e+03,1.326160632999999933e+01
1.222647999999999911e+03,1.324343526000000004e+01
1.223130000000000109e+03,1.324571433999999925e+01
1.223612000000000080e+03,1.319656724000000025e+01
1.224094000000000051e+03,1.320935539000000070e+01
1.224576000000000022e+03,1.318312906000000062e+01
1.225057999999999993e+03,1.319141648999999994e+01
1.225540999999999940e+03,1.315748334999999969e+01
1.226022999999999911e+03,1.314125602000000015e+01
1.226505000000000109e+03,1.313569921999999934e+01
1.226987000000000080e+03,1.311038162999999912e+01
1.227469000000000051e+03,1.310182733000000077e+01
1.227951000000000022e+03,1.307950783000000072e+01
1.228432999999999993e+03,1.303425316999999950e+01
1.228914999999999964e+03,1.304857376000000002e+01
1.229396999999999935e+03,1.303017831999999920e+01
1.229880000000000109e+03,1.301296173999999972e+01
1.230362000000000080e+03,1.300085465000000085e+01
1.230844000000000051e+03,1.297645203999999985e+01
1.231326000000000022e+03,1.296280516000000027e+01
1.231807999999999993e+03,1.290986425000000004e+01
1.232289999999999964e+03,1.292018084999999950e+01
1.232771999999999935e+03,1.289518802999999991e+01
1.233253999999999905e+03,1.286066124000000066e+01
1.233737000000000080e+03,1.281535953999999933e+01
1.234219000000000051e+03,1.283779129000000019e+01
1.234701000000000022e+03,1.278728777000000072e+01
1.235182999999999993e+03,1.277815176000000008e+01
1.235664999999999964e+03,1.274606084000000017e+01
1.236146999999999935e+03,1.274984064999999944e+01
1.236628999999999905e+03,1.272451825999999997e+01
1.237111000000000104e+03,1.268285007000000064e+01
1.237594000000000051e+03,1.267487005000000089e+01
1.238076000000000022e+03,1.265066307999999928e+01
1.238557999999999993e+03,1.265264473999999950e+01
1.239039999999999964e+03,1.261840845000000044e+01
1.239521999999999935e+03,1.260275664000000084e+01
1.240003999999999905e+03,1.256776308000000064e+01
1.240486000000000104e+03,1.254051493999999956e+01
1.240968000000000075e+03,1.254184925000000028e+01
1.241450000000000045e+03,1.249378012000000027e+01
1.241932999999999993e+03,1.247935836999999992e+01
1.242414999999999964e+03,1.246174418000000017e+01
1.242896999999999935e+03,1.240794731999999989e+01
1.243378999999999905e+03,1.239184981000000008e+01
1.243861000000000104e+03,1.236379690000000053e+01
1.244343000000000075e+03,1.232776014999999958e+01
1.244825000000000045e+03,1.232006507999999911e+01
1.245307000000000016e+03,1.227735728000000037e+01
1.245789999999999964e+03,1.225435470000000038e+01
1.246271999999999935e+03,1.222258283000000034e+01
1.246753999999999905e+03,1.220685195000000078e+01
1.247236000000000104e+03,1.219365995999999974e+01
1.247718000000000075e+03,1.218422383999999958e+01
1.248200000000000045e+03,1.214252416000000068e+01
1.248682000000000016e+03,1.212173982000000017e+01
1.249163999999999987e+03,1.212766286999999998e+01
1.249645999999999958e+03,1.206818782000000034e+01
1.250128999999999905e+03,1.207451314000000053e+01
1.250611000000000104e+03,1.203585542999999980e+01
1.251093000000000075e+03,1.201737233000000060e+01
1.251575000000000045e+03,1.200648179000000049e+01
1.252057000000000016e+03,1.199734203000000043e+01
1.252538999999999987e+03,1.199196588000000041e+01
1.253020999999999958e+03,1.194179272000000047e+01
1.253502999999999929e+03,1.193887737999999921e+01
1.253984999999999900e+03,1.191607203000000048e+01
1.254468000000000075e+03,1.188318418000000065e+01
1.254950000000000045e+03,1.187785925999999925e+01
1.255432000000000016e+03,1.186217330999999930e+01
1.255913999999999987e+03,1.182380614999999935e+01
1.256395999999999958e+03,1.182002394999999950e+01
1.256877999999999929e+03,1.181042159999999974e+01
1.257359999999999900e+03,1.178436733000000025e+01
1.257842000000000098e+03,1.176972901999999976e+01
1.258324000000000069e+03,1.173758074000000029e+01
1.258807000000000016e+03,1.173641325000000002e+01
1.259288999999999987e+03,1.171403965000000014e+01
1.259770999999999958e+03,1.170045761999999989e+01
1.260252999999999929e+03,1.166491670999999997e+01
1.260734999999999900e+03,1.163934384999999949e+01
1.261217000000000098e+03,1.164196427000000078e+01
1.261699000000000069e+03,1.163356676000000078e+01
1.262181000000000040e+03,1.162310869000000046e+01
1.262663999999999987e+03,1.159867820000000016e+01
1.263145999999999958e+03,1.158131303000000045e+01
1.263627999999999929e+03,1.158375861999999934e+01
1.264109999999999900e+03,1.156260619999999939e+01
1.264592000000000098e+03,1.154937669999999983e+01
1.265074000000000069e+03,1.152373502999999921e+01
1.265556000000000040e+03,1.154232516000000075e+01
1.266038000000000011e+03,1.152217594999999939e+01
1.266520999999999958e+03,1.150424667000000056e+01
1.267002999999999929e+03,1.149899611000000021e+01
1.267484999999999900e+03,1.149161184999999996e+01
1.267967000000000098e+03,1.148476540000000057e+01
1.268449000000000069e+03,1.150206930000000050e+01
1.268931000000000040e+03,1.150011570999999932e+01
1.269413000000000011e+03,1.149885264999999990e+01
1.269894999999999982e+03,1.146752767999999989e+01
1.270376999999999953e+03,1.147228422000000059e+01
1.270859999999999900e+03,1.147530702999999974e+01
1.271342000000000098e+03,1.147754935000000032e+01
1.271824000000000069e+03,1.147386048000000081e+01
1.272306000000000040e+03,1.145466646000000033e+01
1.272788000000000011e+03,1.145967955000000060e+01
1.273269999999999982e+03,1.144045696000000056e+01
1.273751999999999953e+03,1.146102529000000025e+01
1.274233999999999924e+03,1.142528038999999929e+01
1.274717000000000098e+03,1.142726320999999956e+01
1.275199000000000069e+03,1.142698584000000039e+01
1.275681000000000040e+03,1.141959802999999951e+01
1.276163000000000011e+03,1.144171668999999980e+01
1.276644999999999982e+03,1.143890842000000063e+01
1.277126999999999953e+03,1.143955313999999923e+01
1.277608999999999924e+03,1.143070548999999936e+01
1.278090999999999894e+03,1.145349541999999943e+01
1.278573000000000093e+03,1.145057408999999993e+01
1.279056000000000040e+03,1.146434041999999920e+01
1.279538000000000011e+03,1.146938624000000040e+01
1.280019999999999982e+03,1.146425267999999953e+01
1.280501999999999953e+03,1.146908164000000063e+01
1.280983999999999924e+03,1.146884166999999977e+01
1.281465999999999894e+03,1.147202985999999925e+01
1.281948000000000093e+03,1.147988840999999915e+01
1.282430000000000064e+03,1.147470318999999961e+01
1.282912000000000035e+03,1.148344329000000030e+01
1.283394999999999982e+03,1.145876325999999956e+01
1.283876999999999953e+03,1.147716974999999984e+01
1.284358999999999924e+03,1.148020662999999963e+01
1.284840999999999894e+03,1.145493740000000038e+01
1.285323000000000093e+03,1.147757314999999956e+01
1.285805000000000064e+03,1.147578020000000087e+01
1.286287000000000035e+03,1.149463929000000029e+01
1.286769000000000005e+03,1.151159668999999930e+01
1.287250999999999976e+03,1.151598015000000075e+01
1.287733999999999924e+03,1.151276984000000070e+01
1.288215999999999894e+03,1.151253280999999973e+01
1.288698000000000093e+03,1.152392517000000005e+01
1.289180000000000064e+03,1.154785326000000012e+01
1.289662000000000035e+03,1.155613005000000015e+01
1.290144000000000005e+03,1.157881124999999933e+01
1.290625999999999976e+03,1.157188608999999957e+01
1.291107999999999947e+03,1.156955169999999988e+01
1.291590999999999894e+03,1.157831350999999920e+01
1.292073000000000093e+03,1.160429960999999999e+01
1.292555000000000064e+03,1.160674642000000034e+01
1.293037000000000035e+03,1.160983077000000030e+01
1.293519000000000005e+03,1.162029073000000068e+01
1.294000999999999976e+03,1.161791110999999965e+01
1.294482999999999947e+03,1.165911941000000063e+01
1.294964999999999918e+03,1.164989770999999941e+01
1.295448000000000093e+03,1.166422606000000073e+01
1.295930000000000064e+03,1.166970116000000068e+01
1.296412000000000035e+03,1.169929606000000000e+01
1.296894000000000005e+03,1.170906832000000009e+01
1.297375999999999976e+03,1.171562375000000067e+01
1.297857999999999947e+03,1.174559295000000070e+01
1.298339999999999918e+03,1.174212786999999913e+01
1.298821999999999889e+03,1.176207639999999977e+01
1.299304000000000087e+03,1.178189678999999934e+01
1.299787000000000035e+03,1.179868822000000073e+01
1.300269000000000005e+03,1.180545251999999934e+01
1.300750999999999976e+03,1.180912108000000060e+01
1.301232999999999947e+03,1.185043006000000076e+01
1.301714999999999918e+03,1.184889642000000087e+01
1.302196999999999889e+03,1.185202501999999924e+01
1.302679000000000087e+03,1.186969011000000052e+01
1.303161000000000058e+03,1.187126684999999959e+01
1.303644000000000005e+03,1.189596212000000008e+01
1.304125999999999976e+03,1.188955276000000083e+01
1.304607999999999947e+03,1.192938065000000059e+01
1.305089999999999918e+03,1.193489530000000087e+01
1.305571999999999889e+03,1.197102613000000026e+01
1.306054000000000087e+03,1.198096087999999959e+01
1.306536000000000058e+03,1.198261450999999944e+01
1.307018000000000029e+03,1.199678049000000080e+01
1.307500000000000000e+03,1.202109605999999964e+01
1.307982999999999947e+03,1.202995751999999996e+01
1.308464999999999918e+03,1.205344702000000012e+01
1.308946999999999889e+03,1.205563171999999916e+01
1.309429000000000087e+03,1.207827926999999946e+01
1.309911000000000058e+03,1.210339849000000001e+01
1.310393000000000029e+03,1.210717767999999950e+01
1.310875000000000000e+03,1.213872339999999994e+01
1.311356999999999971e+03,1.216807464000000039e+01
1.311838999999999942e+03,1.218742577999999988e+01
1.312321999999999889e+03,1.220900759999999963e+01
1.312804000000000087e+03,1.222700683000000055e+01
1.313286000000000058e+03,1.223385024999999970e+01
1.313768000000000029e+03,1.226988522000000081e+01
1.314250000000000000e+03,1.228058150000000026e+01
1.314731999999999971e+03,1.230491559999999929e+01
1.315213999999999942e+03,1.232848088999999980e+01
1.315695999999999913e+03,1.233715203000000038e+01
1.316178000000000111e+03,1.236307352999999942e+01
1.316661000000000058e+03,1.241104763999999960e+01
1.317143000000000029e+03,1.241809141999999966e+01
1.317625000000000000e+03,1.244208704999999959e+01
1.318106999999999971e+03,1.244646709000000051e+01
1.318588999999999942e+03,1.248469816999999971e+01
1.319070999999999913e+03,1.250237931999999930e+01
1.319553000000000111e+03,1.251748753999999941e+01
1.320035000000000082e+03,1.254767840000000056e+01
1.320518000000000029e+03,1.256977617999999985e+01
1.321000000000000000e+03,1.260031309999999927e+01
1.321481999999999971e+03,1.260945060999999967e+01
1.321963999999999942e+03,1.265905506000000003e+01
1.322445999999999913e+03,1.267562473999999995e+01
1.322928000000000111e+03,1.268133556000000084e+01
1.323410000000000082e+03,1.270053374999999996e+01
1.323892000000000053e+03,1.271636432000000028e+01
1.324375000000000000e+03,1.274320497000000074e+01
1.324856999999999971e+03,1.278485298000000014e+01
1.325338999999999942e+03,1.280220240999999959e+01
1.325820999999999913e+03,1.284008481999999951e+01
1.326303000000000111e+03,1.286434054999999965e+01
1.326785000000000082e+03,1.289360899000000060e+01
1.327267000000000053e+03,1.290579911999999929e+01
1.327749000000000024e+03,1.294907217000000088e+01
1.328230999999999995e+03,1.299226862999999987e+01
1.328713999999999942e+03,1.302834391000000025e+01
1.329195999999999913e+03,1.303874996000000053e+01
1.329678000000000111e+03,1.307092360000000042e+01
1.330160000000000082e+03,1.308215193999999926e+01
1.330642000000000053e+03,1.309668974999999946e+01
1.331124000000000024e+03,1.313587088000000058e+01
1.331605999999999995e+03,1.316049877999999929e+01
1.332087999999999965e+03,1.318949967000000001e+01
1.332570999999999913e+03,1.321046006999999989e+01
1.333053000000000111e+03,1.322507665000000010e+01
1.333535000000000082e+03,1.326083696000000067e+01
1.334017000000000053e+03,1.329477188000000076e+01
1.334499000000000024e+03,1.331284695000000085e+01
1.334980999999999995e+03,1.333846933000000057e+01
1.335462999999999965e+03,1.336942158999999997e+01
1.335944999999999936e+03,1.338807472000000054e+01
1.336426999999999907e+03,1.341936448999999953e+01
1.336910000000000082e+03,1.344815024999999942e+01
1.337392000000000053e+03,1.347880669999999981e+01
1.337874000000000024e+03,1.351104834000000032e+01
1.338355999999999995e+03,1.353477518999999951e+01
1.338837999999999965e+03,1.355887594000000007e+01
1.339319999999999936e+03,1.357696888999999985e+01
1.339801999999999907e+03,1.360552357999999984e+01
1.340284000000000106e+03,1.365205027000000015e+01
1.340766000000000076e+03,1.365265465999999961e+01
1.341249000000000024e+03,1.367321416999999961e+01
1.341730999999999995e+03,1.371694734000000082e+01
1.342212999999999965e+03,1.373269140999999927e+01
1.342694999999999936e+03,1.377376089000000015e+01
1.343176999999999907e+03,1.377864124000000068e+01
1.343659000000000106e+03,1.381798788999999950e+01
1.344141000000000076e+03,1.382607626999999972e+01
1.344623000000000047e+03,1.386109854000000041e+01
1.345105000000000018e+03,1.386784540999999926e+01
1.345587999999999965e+03,1.391017912999999950e+01
1.346069999999999936e+03,1.394814854000000004e+01
1.346551999999999907e+03,1.396720679000000054e+01
1.347034000000000106e+03,1.401337292000000012e+01
1.347516000000000076e+03,1.403779989000000050e+01
1.347998000000000047e+03,1.406825302000000022e+01
1.348480000000000018e+03,1.408398960999999971e+01
1.348961999999999989e+03,1.413247445000000013e+01
1.349444999999999936e+03,1.416208660999999935e+01
1.349926999999999907e+03,1.418855817999999935e+01
1.350409000000000106e+03,1.420379593000000007e+01
1.350891000000000076e+03,1.423458366999999924e+01
1.351373000000000047e+03,1.426874976000000039e+01
1.351855000000000018e+03,1.427436484000000050e+01
1.352336999999999989e+03,1.430809106000000064e+01
1.352818999999999960e+03,1.434479467000000064e+01
1.353301999999999907e+03,1.437796166000000042e+01
1.353784000000000106e+03,1.439655551999999972e+01
1.354266000000000076e+03,1.442677617999999917e+01
1.354748000000000047e+03,1.445390609000000026e+01
1.355230000000000018e+03,1.447911509000000052e+01
1.355711999999999989e+03,1.450709361000000008e+01
1.356193999999999960e+03,1.452903468999999959e+01
1.356675999999999931e+03,1.453301532999999957e+01
1.357157999999999902e+03,1.457712223000000051e+01
1.357641000000000076e+03,1.458029338999999958e+01
1.358123000000000047e+03,1.462003593999999929e+01
1.358605000000000018e+03,1.463881435999999958e+01
1.359086999999999989e+03,1.466204134000000003e+01
1.359568999999999960e+03,1.467457109999999965e+01
1.360050999999999931e+03,1.468323750000000061e+01
1.360532999999999902e+03,1.469572411000000045e+01
1.361015000000000100e+03,1.476130782999999980e+01
1.361498000000000047e+03,1.476229258000000044e+01
1.361980000000000018e+03,1.479613918999999989e+01
1.362461999999999989e+03,1.482101375999999959e+01
1.362943999999999960e+03,1.484796228999999990e+01
1.363425999999999931e+03,1.486193905999999920e+01
1.363907999999999902e+03,1.490561115000000036e+01
1.364390000000000100e+03,1.491555553000000067e+01
1.364872000000000071e+03,1.493468513999999914e+01
1.365354000000000042e+03,1.495426106999999938e+01
1.365836999999999989e+03,1.497745053999999953e+01
1.366318999999999960e+03,1.499117419000000062e+01
1.366800999999999931e+03,1.498567128000000004e+01
1.367282999999999902e+03,1.501590518999999979e+01
1.367765000000000100e+03,1.503525811999999995e+01
1.368247000000000071e+03,1.506964514999999949e+01
1.368729000000000042e+03,1.507690116999999930e+01
1.369211000000000013e+03,1.507603061000000011e+01
1.369692999999999984e+03,1.510345670999999967e+01
1.370175999999999931e+03,1.511859066000000063e+01
1.370657999999999902e+03,1.513389699000000022e+01
1.371140000000000100e+03,1.517107792999999916e+01
1.371622000000000071e+03,1.516849962999999946e+01
1.372104000000000042e+03,1.516627322999999983e+01
1.372586000000000013e+03,1.519232371999999920e+01
1.373067999999999984e+03,1.521059945999999918e+01
1.373549999999999955e+03,1.521873298000000041e+01
1.374031999999999925e+03,1.525366703999999984e+01
1.374515000000000100e+03,1.526852105000000037e+01
1.374997000000000071e+03,1.526493563999999914e+01
1.375479000000000042e+03,1.530036441000000025e+01
1.375961000000000013e+03,1.530218685000000001e+01
1.376442999999999984e+03,1.530864264999999946e+01
1.376924999999999955e+03,1.532696239999999932e+01
1.377406999999999925e+03,1.532390119999999989e+01
1.377888999999999896e+03,1.535319430999999923e+01
1.378372000000000071e+03,1.537290907999999945e+01
1.378854000000000042e+03,1.536744767999999972e+01
1.379336000000000013e+03,1.538687161000000003e+01
1.379817999999999984e+03,1.538501218000000037e+01
1.380299999999999955e+03,1.539052618000000017e+01
1.380781999999999925e+03,1.538950149999999972e+01
1.381263999999999896e+03,1.542198257999999988e+01
1.381746000000000095e+03,1.541329441000000067e+01
1.382229000000000042e+03,1.542707998999999930e+01
1.382711000000000013e+03,1.542502394999999993e+01
1.383192999999999984e+03,1.542636867000000045e+01
1.383674999999999955e+03,1.543664041000000076e+01
1.384156999999999925e+03,1.543501861999999925e+01
1.384638999999999896e+03,1.544764260000000000e+01
1.385121000000000095e+03,1.545331058999999918e+01
1.385603000000000065e+03,1.544173125999999918e+01
1.386085000000000036e+03,1.546540706999999948e+01
1.386567999999999984e+03,1.544697711999999967e+01
1.387049999999999955e+03,1.546374177999999944e+01
1.387531999999999925e+03,1.545941030000000005e+01
1.388013999999999896e+03,1.545177988999999918e+01
1.388496000000000095e+03,1.544425750000000086e+01
1.388978000000000065e+03,1.544680053999999991e+01
1.389460000000000036e+03,1.546472136000000042e+01
1.389942000000000007e+03,1.549275601000000080e+01
1.390424999999999955e+03,1.546355780999999929e+01
1.390906999999999925e+03,1.547473190000000010e+01
1.391388999999999896e+03,1.548108277999999949e+01
1.391871000000000095e+03,1.547315013999999955e+01
1.392353000000000065e+03,1.548069075999999988e+01
1.392835000000000036e+03,1.547796188999999956e+01
1.393317000000000007e+03,1.545327095999999933e+01
1.393798999999999978e+03,1.547923718999999920e+01
1.394280999999999949e+03,1.549071301000000034e+01
1.394763999999999896e+03,1.549719209999999947e+01
1.395246000000000095e+03,1.547963095999999972e+01
1.395728000000000065e+03,1.548254561999999979e+01
1.396210000000000036e+03,1.548681694999999969e+01
1.396692000000000007e+03,1.548121495000000003e+01
1.397173999999999978e+03,1.549003637000000033e+01
1.397655999999999949e+03,1.548365770000000019e+01
1.398137999999999920e+03,1.549598774000000034e+01
1.398619999999999891e+03,1.549084610999999967e+01
1.399103000000000065e+03,1.547668557000000078e+01
1.399585000000000036e+03,1.547745519000000058e+01
